Tags,Links,Likes,Comments,Path
"Clouds, Sky, Atmosphere, Blue Sky",https://cdn.pixabay.com/photo/2022/03/06/05/30/clouds-7050884__480.jpg,196,55,Img/clouds-7050884__480.jpg
"Bird, Ornithology, Hummingbird",https://cdn.pixabay.com/photo/2022/04/07/11/45/bird-7117346__340.jpg,76,20,Img/bird-7117346__340.jpg
"Sea, Rainbow, Rainfall, Subtropical",https://cdn.pixabay.com/photo/2022/02/28/15/28/sea-7039471__340.jpg,282,106,Img/sea-7039471__340.jpg
"Cherry Blossoms, Road, Japan, Sakura",https://cdn.pixabay.com/photo/2022/04/04/02/52/cherry-blossoms-7110279__340.jpg,42,11,Img/cherry-blossoms-7110279__340.jpg
"Cape Marguerite, Flower, Plant",https://cdn.pixabay.com/photo/2022/04/09/18/06/cape-marguerite-7121992__340.jpg,39,15,Img/cape-marguerite-7121992__340.jpg
Relaxing Rest Under The Tree,https://cdn.pixabay.com/photo/2021/11/13/23/06/tree-6792528__340.jpg,522,108,Img/tree-6792528__340.jpg
"Cottontail Rabbit, Wild Rabbit, Grass",https://cdn.pixabay.com/photo/2022/04/07/02/56/cottontail-rabbit-7116707__340.jpg,51,10,Img/cottontail-rabbit-7116707__340.jpg
"Crocus, Flowers, Spring, Plant",https://cdn.pixabay.com/photo/2022/03/19/21/11/crocus-7079550__340.jpg,135,44,Img/crocus-7079550__340.jpg
"Coffee, Caf√©, Vacation, Drink, Table",https://cdn.pixabay.com/photo/2022/04/09/17/30/coffee-7121939__340.jpg,26,5,Img/coffee-7121939__340.jpg
"Waterfall, Fall, Epic, Nature, Light",https://cdn.pixabay.com/photo/2022/03/25/19/24/waterfall-7091641__340.jpg,96,21,Img/waterfall-7091641__340.jpg
"Field, Morning, Sunrise, Dawn, Nature",https://cdn.pixabay.com/photo/2021/08/25/20/42/field-6574455__340.jpg,807,131,Img/field-6574455__340.jpg
"Bird, Robin, Birdwatching, Animal",https://cdn.pixabay.com/photo/2022/04/04/18/03/bird-7111988__340.jpg,69,19,Img/bird-7111988__340.jpg
"Seedlings, Soil, Spring Flowers, Bloom",https://cdn.pixabay.com/photo/2022/04/04/07/58/seedlings-7110591__340.jpg,42,9,Img/seedlings-7110591__340.jpg
"Road, Highway, Countryside, Hills",https://cdn.pixabay.com/photo/2022/03/23/21/27/road-7087957__340.jpg,53,14,Img/road-7087957__340.jpg
"Cityscape, Monochrome, Bridge, City",https://cdn.pixabay.com/photo/2022/03/27/15/03/cityscape-7095358__340.jpg,45,13,Img/cityscape-7095358__340.jpg
"Sakura, Cherry Blossoms, Spring, Water",https://cdn.pixabay.com/photo/2022/03/25/17/54/sakura-7091532__340.jpg,70,12,Img/sakura-7091532__340.jpg
"Background, Easter, Eggs, Template, Art",https://cdn.pixabay.com/photo/2022/04/01/19/03/background-7105471__480.jpg,5,2,Img/background-7105471__480.jpg
"Bird, Indian Chat, Ornithology, Species",https://cdn.pixabay.com/photo/2022/01/31/12/46/bird-6983434__340.jpg,171,53,Img/bird-6983434__340.jpg
"Town, Night, Winter, Village, Season",https://cdn.pixabay.com/photo/2022/01/18/16/49/town-6947538__340.jpg,109,15,Img/town-6947538__340.jpg
"Flower, Viola, Pansy, Blossom, Bloom",https://cdn.pixabay.com/photo/2022/04/09/17/42/flower-7121955__340.jpg,55,36,Img/flower-7121955__340.jpg
"Port, Lake, Architecture, Vacations",https://cdn.pixabay.com/photo/2021/08/30/21/29/port-6587129__340.jpg,276,49,Img/port-6587129__340.jpg
"Sunflowers, Flowers, Plant",https://cdn.pixabay.com/photo/2022/03/16/02/03/sunflowers-7071449__340.jpg,54,21,Img/sunflowers-7071449__340.jpg
"Coffee, Spring, Flowers, Morning",https://cdn.pixabay.com/photo/2022/03/28/18/41/coffee-7098126__340.jpg,40,10,Img/coffee-7098126__340.jpg
"Roys Peak, Wanaka, Lake, Mountains",https://cdn.pixabay.com/photo/2022/02/12/06/21/roys-peak-7008528__340.jpg,69,19,Img/roys-peak-7008528__340.jpg
"Thank you, everyone. Thank you for many downloads and likes.",https://cdn.pixabay.com/photo/2021/11/21/21/14/mountain-6815304__340.jpg,197,0,Img/mountain-6815304__340.jpg
"Nature, Beach, Outdoors, Exploration",https://cdn.pixabay.com/photo/2021/08/22/15/48/nature-6565499__340.jpg,272,150,Img/nature-6565499__340.jpg
The Danish West Coast of Jutland. Shot during sunset.,https://cdn.pixabay.com/photo/2022/03/03/11/18/nature-7045125__340.jpg,48,11,Img/nature-7045125__340.jpg
"Gentoo Penguin, Penguin, Bird, Animal",https://cdn.pixabay.com/photo/2022/03/16/21/01/gentoo-penguin-7073391__340.jpg,93,22,Img/gentoo-penguin-7073391__340.jpg
"Lantern, Sea, Heaven, Beach, Water, Tree",https://cdn.pixabay.com/photo/2021/11/26/20/45/lantern-6826698__340.jpg,243,31,Img/lantern-6826698__340.jpg
"Easter, Spring, Easter Bunny",https://cdn.pixabay.com/photo/2022/04/03/05/03/easter-7108066__340.jpg,17,10,Img/easter-7108066__340.jpg
green trees on brown rock formation on lake during daytime,https://cdn.pixabay.com/photo/2018/01/14/23/12/nature-3082832__340.jpg,3098,495,Img/nature-3082832__340.jpg
"Tourist Attraction, Eiffel Tower, Travel",https://cdn.pixabay.com/photo/2022/02/27/19/46/tourist-attraction-7037967__340.jpg,83,21,Img/tourist-attraction-7037967__340.jpg
"Menhir, Stones, Clouds, Standing Stones",https://cdn.pixabay.com/photo/2022/04/07/22/23/menhir-7118382__480.jpg,64,49,Img/menhir-7118382__480.jpg
"Road, Trees, Winter, Frost, Snow, Path",https://cdn.pixabay.com/photo/2022/01/13/18/05/road-6935773__340.jpg,133,24,Img/road-6935773__340.jpg
"Bird, Woodpecker",https://cdn.pixabay.com/photo/2022/04/10/07/03/bird-7122753__340.jpg,28,20,Img/bird-7122753__340.jpg
"Tape, Cassette, Music, Retro, Classic",https://cdn.pixabay.com/photo/2021/11/25/19/50/tape-6824489__340.jpg,134,20,Img/tape-6824489__340.jpg
"Wind Mills, Energy, Clouds, Power",https://cdn.pixabay.com/photo/2022/01/10/15/29/wind-mills-6928590__340.jpg,144,101,Img/wind-mills-6928590__340.jpg
"Travel, Tourism, Square, Tartini, Piran",https://cdn.pixabay.com/photo/2022/02/15/07/27/travel-7014427__340.jpg,70,19,Img/travel-7014427__340.jpg
"Easter Eggs, Colored Eggs, Nest, Eggs",https://cdn.pixabay.com/photo/2022/04/11/04/33/easter-eggs-7124718__340.jpg,29,0,Img/easter-eggs-7124718__340.jpg
"Winter, Season, Nature, Outdoors, Travel",https://cdn.pixabay.com/photo/2022/02/07/22/27/winter-7000429__340.jpg,111,24,Img/winter-7000429__340.jpg
"Glacier, Dying Glaciers, Melting Glacier",https://cdn.pixabay.com/photo/2022/04/11/09/40/glacier-7125386__340.jpg,36,27,Img/glacier-7125386__340.jpg
"Forest, Jungle, Tropical, Green, Nature",https://cdn.pixabay.com/photo/2021/11/01/21/31/forest-6761846__340.jpg,135,22,Img/forest-6761846__340.jpg
"Tulip, Flower, Bloom, Blossom, Petals",https://cdn.pixabay.com/photo/2022/02/05/08/13/tulip-6994245__340.jpg,92,35,Img/tulip-6994245__340.jpg
"Flowers, Pink Flowers, Petals",https://cdn.pixabay.com/photo/2022/04/07/13/06/flowers-7117461__340.jpg,62,0,Img/flowers-7117461__340.jpg
"Passiflora, Passion Flower, Flower",https://cdn.pixabay.com/photo/2022/02/22/03/22/passiflora-7027917__340.jpg,97,66,Img/passiflora-7027917__340.jpg
"Prayer, Faith, Religion, Hope, Blessing",https://cdn.pixabay.com/photo/2021/11/02/21/57/prayer-6764197__340.jpg,175,57,Img/prayer-6764197__340.jpg
"Galaxy, Space, Universe, Star, Cosmos",https://cdn.pixabay.com/photo/2022/04/09/10/13/galaxy-7121195__340.jpg,45,40,Img/galaxy-7121195__340.jpg
"Dragonfly, Nature, Insect, Macro",https://cdn.pixabay.com/photo/2022/03/31/09/25/dragonfly-7102558__480.jpg,19,3,Img/dragonfly-7102558__480.jpg
